id,first_name,last_name,birth_date,death_date,place_of_birth,wikipedia_url,start_mandate,end_mandate,first_paragraph,country
Q57553,Mohammed,None,1963-08-21,,Rabat,https://ar.wikipedia.org/wiki/%D9%85%D8%AD%D9%85%D8%AF_%D8%A7%D9%84%D8%B3%D8%A7%D8%AF%D8%B3_%D8%A8%D9%86_%D8%A7%D9%84%D8%AD%D8%B3%D9%86,1999-07-23,,مُحمد السادس بن الحسن الثاني العلوي(21 أغسطس 1963م -)، هو ملك المملكة المغربية منذ عام 1999 والملك الثالث والعشرون للمغرب منسلالة العلويين الفيلاليين، تولى الحكم خلفًا لوالده الملكالحسن الثانيبعد وفاته، وتمَّت البيعة له ملكًا يوم الجمعة 9 ربيع الثاني سنة 1420 هـ الموافق 23 يوليو 1999 بالقصر الملكيبالرباط.,ma
Q69103,Hassan,None,1929-07-09,1999-07-20,Rabat,https://ar.wikipedia.org/wiki/%D8%A7%D9%84%D8%AD%D8%B3%D9%86_%D8%A7%D9%84%D8%AB%D8%A7%D9%86%D9%8A_%D8%A8%D9%86_%D9%85%D8%AD%D9%85%D8%AF,1961-02-26,1999-07-23,الحَسَن الثاني بِنْ مُحمد بِنْ يوسف العَلوي(9 يوليو 1929 – 23 يوليو 1999)،ثاني ملوك المملكة المغربية بعد الإستقلال، والملك الثاني والعشرين للمغرب منسلالة العلويين الفيلاليين، تولى حكم المملكة المغربية خلفًا لوالده الملك محمد الخامس في 26 فبراير 1961 وحتى وفاته في 20 يوليو 1999. ينتمي الملك الحسن الثاني إلى السلالة العلوية التي تعود في نسبها إلىالحسن بن علي بن أبي طالب، وتحكم المغرب منذ عام 1666 ميلادية ويلقب الحاكم منهم بأمير المؤمنين.,ma
Q193874,Mohammed,None,1909-08-10,1961-02-26,Fez,https://ar.wikipedia.org/wiki/%D9%85%D8%AD%D9%85%D8%AF_%D8%A7%D9%84%D8%AE%D8%A7%D9%85%D8%B3_%D8%A8%D9%86_%D9%8A%D9%88%D8%B3%D9%81,1957-08-14,1961-02-26,محمد الخامسبنيوسفبنالحسنبنمحمدبنعبد الرحمنبنهشامبنمحمدبنعبد الله بن إسماعيلبنإسماعيلبنالشريف بن عليالعلوي وُلد (1327 هـ/10 أغسطس1909مبالقصر السلطانيبفاس)وتوفي (1381 هـ/26 فبراير1961مبالرباط) خَلَف والده السلطانمولاي يوسفالذي توفي بُكرة يوم الخميس22 جمادى الأولىسنة1346 هـموافق17 نوفمبرسنة1927مفبويع ابنه سيدي محمد سلطانا للمغرب في اليوم الموالي بعد صلاة الجمعة23 جمادى الأولىسنة1346 هـموافق18 نوفمبرسنة1927مفي القصر السلطانيبفاسولم يزل سلطان المغرب إلى سنة1957م، قضى منها المنفى بين (1953-1955)، ثم اتخذ لقب الملك سنة1957مولم يزل ملكا إلى وفاته سنة1961م، ساند السلطانمحمد الخامسنضالاتالحركة الوطنية المغربيةالمطالبة بتحقيقالاستقلال، الشيء الذي دفعه إلى الاصطدامبسلطات الحماية. وكانت النتيجة قيام سلطات الحماية بنفيه إلىمدغشقر. وعلى إثر ذلك اندلعت مظاهرات مطالبة بعودته إلى وطنه. وأمام اشتداد حدة المظاهرات، قبلت السلطات الفرنسية بإرجاع السلطان إلى عرشه يوم16 نوفمبر1955. وبعد بضعة شهور تم إعلاناستقلالالمغرب. كان الملك محمد الخامس يكنى: أبا عبد الله.,ma
Q334782,Mohammed,None,,,None,https://ar.wikipedia.org/wiki/%D8%A7%D9%84%D9%82%D8%A7%D8%A6%D9%85_%D8%A8%D8%A3%D9%85%D8%B1_%D8%A7%D9%84%D9%84%D9%87_%D8%A7%D9%84%D8%B3%D8%B9%D8%AF%D9%8A,,1517-01-01,أبو عبد الله محمد بن محمد ابن علي بن مخلوف بن زيدانالملقببالقائم بأمر اللهعميدالأسرة السعديةوأول سلطان للمغرب من الأسرة السعدية، حكم بين 1509 - 1517.,ma
Q23,George,Washington,1732-02-22,1799-12-14,Westmoreland County,https://en.wikipedia.org/wiki/George_Washington,1789-04-30,1797-03-04,"George Washington(February 22, 1732 –December 14, 1799) was an AmericanFounding Father, military officer, politician and statesman who served as the firstpresident of the United Statesfrom 1789 to 1797. Appointed by theSecond Continental Congressas commander of theContinental Armyin 1775, Washington ledPatriotforces to victory in theAmerican Revolutionary Warand then served as president of theConstitutional Conventionin 1787, which drafted and ratified theConstitution of the United Statesand established theU.S. federal government. Washington has thus been known as the ""Father of the Nation"".",us
Q76,Barack,Obama,1961-08-04,,Kapiolani Medical Center for Women and Children,https://en.wikipedia.org/wiki/Barack_Obama,2009-01-20,2017-01-20,"Barack Hussein Obama II(/bəˈrɑːkhuːˈseɪnoʊˈbɑːmə/ⓘbə-RAHKhoo-SAYNoh-BAH-mə;born August 4, 1961) is an American politician who served as the 44thpresident of the United Statesfrom 2009 to 2017. A member of theDemocratic Party, he was the firstAfrican-American  presidentin U.S. history. Obama previously served as a U.S. senator representing Illinois from 2005 to 2008, as anIllinois state senatorfrom 1997 to 2004, and as a civil rights lawyer and university lecturer.",us
Q91,Abraham,Lincoln,1809-02-12,1865-04-15,Sinking Spring Farm,https://en.wikipedia.org/wiki/Abraham_Lincoln,1861-03-04,1865-04-15,"Abraham Lincoln(/ˈlɪŋkən/LINK-ən; February 12, 1809 – April 15, 1865) was an American lawyer, politician, and statesman who served as the 16thpresident of the United Statesfrom 1861 untilhis assassinationin 1865. Lincoln led the United States through theAmerican Civil War, defending the nation as a constitutionalunion, defeating the insurgentConfederacy,abolishingslavery, expanding the power of thefederal government, and modernizing theU.S. economy.",us
Q207,George,Bush,1946-07-06,,New Haven,https://en.wikipedia.org/wiki/George_W._Bush,2001-01-20,2009-01-20,"George Walker Bush(born July 6, 1946) is an American politician and businessman who served as the 43rdpresident of the United Statesfrom 2001 to 2009. A member of theRepublican Party, he previously served as the 46thgovernor of Texasfrom 1995 to 2000.",us
Q1124,Bill,Clinton,1946-08-19,,Hope,https://en.wikipedia.org/wiki/Bill_Clinton,1993-01-20,2001-01-20,"Clinton was born William Jefferson Blythe III on August 19, 1946, at Julia Chester Hospital inHope, Arkansas.He is the son ofWilliam Jefferson Blythe Jr., a traveling salesman who died in an automobile accident three months before his birth, andVirginia Dell Cassidy(later Virginia Kelley).His parents had married on September 4, 1943, but this union later proved to be bigamous, as Blythe was still married to his fourth wife.Virginia traveled toNew Orleansto study nursing soon after Bill was born, leaving him in Hope with her parents Eldridge and Edith Cassidy, who owned and ran a small grocery store.At a time when the southern United States wasracially segregated, Clinton's grandparents sold goods oncreditto people of all races.In 1950, Bill's mother returned from nursing school and marriedRoger Clinton Sr., who co-owned anautomobile dealershipinHot Springs, Arkansas, with his brother andEarl T. Ricks.The family moved to Hot Springs in 1950.",us
Q6279,Joe,Biden,1942-11-20,,St. Mary's Hospital,https://en.wikipedia.org/wiki/Joe_Biden,2021-01-20,,"Biden's vice-presidential campaigning gained little media attention, as the press devoted far more coverage to the Republican nominee,Alaska governorSarah Palin.Under instructions from the campaign, Biden kept his speeches succinct and tried to avoid offhand remarks, such as one he made about Obama's being tested by a foreign power soon after taking office, which had attracted negative attention.Privately, Biden's remarks frustrated Obama. ""How many times is Biden gonna say something stupid?"" he asked.: 411–414, 419Obama campaign staffers called Biden's blunders ""Joe bombs"" and kept Biden uninformed about strategy discussions, which in turn irked Biden.Relations between the two campaigns became strained for a month, until Biden apologized on a call to Obama and the two built a stronger partnership.: 411–414",us
Q8007,Franklin,Roosevelt,1882-01-30,1945-04-12,Hyde Park,https://en.wikipedia.org/wiki/Franklin_D._Roosevelt,1933-03-04,1945-04-12,"Franklin Delano Roosevelt[a](January 30, 1882 – April 12, 1945), commonly known asFDR, was an American politician who served as the 32ndpresident of the United Statesfrom 1933 until his death in 1945. He was a member of theDemocratic Partyand is the only U.S. president to have served more than two terms. Hisinitial two termswere centered on combating theGreat Depression, while histhird and fourthsaw him shift his focus to America's involvement inWorld War II.",us
Q8612,Andrew,Johnson,1808-12-29,1875-07-31,Raleigh,https://en.wikipedia.org/wiki/Andrew_Johnson,1865-04-15,1869-03-04,"Andrew Johnson(December 29, 1808 – July 31, 1875) was an American politician who served as the 17thpresident of the United Statesfrom 1865 to 1869. He assumed the presidency following theassassination of Abraham Lincoln, as he wasvice presidentat that time. Johnson was aDemocratwho ran withAbraham Lincolnon theNational Union Partyticket, coming to office as theCivil Warconcluded. He favored quick restoration of theseceded states to the Unionwithout protection for thenewly freed peoplewho were formerlyenslaved. This led to conflict with theRepublican-dominated Congress, culminating inhis impeachmentby the House of Representatives in 1868. He wasacquitted in the Senateby one vote.",us
Q9582,Gerald,Ford,1913-07-14,2006-12-26,Omaha,https://en.wikipedia.org/wiki/Gerald_Ford,1974-08-09,1977-01-20,"Gerald Rudolph Ford Jr.(/ˈdʒɛrəld/JERR-əld;bornLeslie Lynch King Jr.; July 14, 1913 – December 26, 2006) was an American politician who served as the 38thpresident of the United Statesfrom 1974 to 1977. He previously served as the leader of theRepublican Partyin theU.S. House of Representativesfrom 1965 to 1973, and as the 40thvice presidentunder PresidentRichard Nixonfrom 1973 to 1974. Ford succeeded to the presidency when Nixon resigned in 1974, but was defeated for election to a full termin 1976. Ford is the only person to become U.S. president without winning an election for president or vice president.",us
Q9588,Richard,Nixon,1913-01-09,1994-04-22,Yorba Linda,https://en.wikipedia.org/wiki/Richard_Nixon,1969-01-20,1974-08-09,"Richard Milhous Nixon(January 9, 1913 – April 22, 1994) was the 37thpresident of the United States, serving from 1969 to 1974. A member of theRepublican Party, he previously served as arepresentativeandsenatorfromCaliforniaand as the 36thvice presidentfrom 1953 to 1961 under PresidentDwight D. Eisenhower.His presidencysaw the reduction of U.S. involvement in theVietnam War,détentewith theSoviet UnionandChina, theApollo 11Moon landing, and the establishment of theEnvironmental Protection AgencyandOccupational Safety and Health Administration. Nixon's second term ended early when he became the only U.S. president toresignfrom office, as a result of theWatergate scandal.",us
Q9640,Lyndon,Johnson,1908-08-27,1973-01-22,Stonewall,https://en.wikipedia.org/wiki/Lyndon_B._Johnson,1963-11-22,1969-01-20,"Lyndon Baines Johnson(/ˈlɪndənˈbeɪnz/; August 27, 1908 – January 22, 1973), often referred to by his initialsLBJ, was an American politician who served as the 36thpresident of the United Statesfrom 1963 to 1969. He became president afterthe assassinationofJohn F. Kennedy, under whom he had served as the 37thvice presidentfrom 1961 to 1963. ADemocratfromTexas, Johnson also served as aU.S. representativeandU.S. senator.",us
Q9696,John,Kennedy,1917-05-29,1963-11-22,Brookline,https://en.wikipedia.org/wiki/John_F._Kennedy,1961-01-20,1963-11-22,"John Fitzgerald Kennedy(May 29, 1917 – November 22, 1963), often referred to asJFKorJack, was an American politician who served as the 35thpresident of the United Statesfrom 1961 untilhis assassinationin 1963. He was theyoungestpersonelectedpresident.Kennedy served at the height of theCold War, and the majority of his foreign policy concerned relations with theSoviet UnionandCuba. ADemocrat, Kennedy representedMassachusettsin both houses of theU.S. Congressprior to his presidency.",us
Q9916,Dwight,Eisenhower,1890-10-14,1969-03-28,Denison,https://en.wikipedia.org/wiki/Dwight_D._Eisenhower,1953-01-20,1961-01-20,"Dwight David Eisenhower(/ˈaɪzənhaʊ.ər/EYE-zən-how-ər; bornDavid Dwight Eisenhower; October 14, 1890 – March 28, 1969), nicknamedIke, was an Americanmilitary officerand statesman who served as the 34thpresident of the United Statesfrom 1953 to 1961. DuringWorld War II, he wasSupreme Commander of the Allied Expeditionary Forcein Europe and achieved thefive-star rankasGeneral of the Army. Eisenhower planned and supervised two of the most consequential military campaigns of World War II:Operation Torchin theNorth Africa campaignin 1942–1943 and theinvasion of Normandyin 1944.",us
Q9960,Ronald,Reagan,1911-02-06,2004-06-05,Tampico,https://en.wikipedia.org/wiki/Ronald_Reagan,1981-01-20,1989-01-20,"Ronald Wilson Reagan(/ˈreɪɡən/RAY-gən; February 6, 1911 – June 5, 2004) was an American politician and actor who served as the 40thpresident of the United Statesfrom 1981 to 1989. A member of theRepublican Party,his presidencyconstituted theReagan era, and he is considered one of the most prominentconservativefigures in American history.",us
Q11613,Harry,Truman,1884-05-08,1972-12-26,Lamar,https://en.wikipedia.org/wiki/Harry_S._Truman,1945-04-12,1953-01-20,"Harry S. Truman[b](May 8, 1884 – December 26, 1972) was the 33rdpresident of the United States, serving from 1945 to 1953. A member of theDemocratic Party, he previously served as aUnited States senatorfromMissourifrom 1935 to 1945 and briefly as the 34thvice presidentin 1945 underFranklin D. Roosevelt. Assuming the presidency after Roosevelt's death, Truman implemented theMarshall Planin the wake ofWorld War IIto rebuild the economy of Western Europe and established both theTruman DoctrineandNATOto contain the expansion ofSoviet communism. He proposed numerous liberal domestic reforms, but few were enacted by theconservative coalitionthat dominated theCongress.",us
Q11806,John,Adams,,1826-07-04,Braintree,https://en.wikipedia.org/wiki/John_Adams,1797-03-04,1801-03-04,"John Adams(October 30, 1735 – July 4, 1826) was an American statesman, attorney, diplomat, writer, andFounding Fatherwho served as the secondpresident of the United Statesfrom 1797 to 1801. Beforehis presidency, he was a leader of theAmerican Revolutionthat achieved independence fromGreat Britain. During the latter part of theRevolutionary Warand in the early years of the new nation, he served theU.S. governmentas a senior diplomat in Europe. Adams was the first person to hold the office ofvice president of the United States, serving from 1789 to 1797. He was a dedicated diarist and regularly corresponded with important contemporaries, including his wife and adviserAbigail Adamsand his friend and political rivalThomas Jefferson.",us
Q11812,Thomas,Jefferson,,1826-07-04,Shadwell,https://en.wikipedia.org/wiki/Thomas_Jefferson,1801-03-04,1809-03-04,"Thomas Jefferson(April 13, 1743[b]– July 4, 1826) was an American statesman, diplomat, lawyer, architect, philosopher, andFounding Fatherwho served as the thirdpresident of the United Statesfrom 1801 to 1809.He was the primary author of theDeclaration of Independence. Following theAmerican Revolutionary Warand prior to becoming president in 1801, Jefferson was the nation's firstU.S. secretary of stateunderGeorge Washingtonand then the nation's secondvice presidentunderJohn Adams.",us
Q11813,James,Madison,1751-03-16,1836-06-28,Port Conway,https://en.wikipedia.org/wiki/James_Madison,1809-03-04,1817-03-04,"James Madison Jr.(March 16, 1751[b]– June 28, 1836) was an American statesman, diplomat, andFounding Fatherwho served as the fourthpresident of the United Statesfrom 1809 to 1817. Madison was popularly acclaimed the ""Father of the Constitution"" for his pivotal role in drafting and promoting theConstitution of the United Statesand theBill of Rights.",us
Q11815,James,Monroe,1758-04-28,1831-07-04,Monroe Hall,https://en.wikipedia.org/wiki/James_Monroe,1817-03-04,1825-03-04,"James Monroe(/mənˈroʊ/mən-ROH; April 28, 1758 – July 4, 1831) was an American statesman, lawyer, diplomat, andFounding Fatherwho served as the fifthpresident of the United Statesfrom 1817 to 1825, a member of theDemocratic-Republican Party. He was the last Founding Father to serve as president as well as the last president of theVirginia dynastyand theRepublican Generation.His presidencycoincided with theEra of Good Feelings, concluding theFirst Party Systemera of American politics. He issued theMonroe Doctrine, a policy of limiting European colonialism in the Americas. Monroe previously served as governor ofVirginia, a member of theUnited States Senate, U.S. ambassador to France and Britain, the seventh secretary of state, and the eighth secretary of war.",us
Q11816,John,Adams,1767-07-11,1848-02-23,Braintree,https://en.wikipedia.org/wiki/John_Quincy_Adams,1825-03-04,1829-03-04,"John Quincy Adams(/ˈkwɪnzi/ⓘ;[a]July 11, 1767 – February 23, 1848) was an American statesman, politician, diplomat, lawyer, anddiaristwho served as the sixthpresident of the United States, from 1825 to 1829. He previously served as the eighthUnited States secretary of statefrom 1817 to 1825. During his long diplomatic and political career, Adams served as an ambassador and also as a member of theUnited States CongressrepresentingMassachusettsin both chambers. He was the eldest son ofJohn Adams, who served as the second president of the United States from 1797 to 1801, andFirst LadyAbigail Adams. Initially aFederalistlike his father, he won election to the presidency as a member of theDemocratic-Republican Party, and later, in the mid-1830s, became affiliated with theWhig Party.",us
Q11817,Andrew,Jackson,1767-03-15,1845-06-08,Waxhaws,https://en.wikipedia.org/wiki/Andrew_Jackson,1829-03-04,1837-03-04,"Andrew Jackson Jr(March 15, 1767 – June 8, 1845) was an American lawyer,planter, general, and statesman who served as the seventhpresident of the United Statesfrom 1829 to 1837. Beforehis presidency, he gained fame as a general in theU.S. Armyand served in both houses of theU.S. Congress. Often praised as an advocate for ordinary Americans and for his work inpreserving the union of states, Jackson has also been criticized for his racial policies, particularly his treatment ofNative Americans.",us
Q11820,Martin,Van Buren,1782-12-05,1862-07-24,Kinderhook,https://en.wikipedia.org/wiki/Martin_Van_Buren,1837-03-04,1841-03-04,"Martin Van Buren(/vænˈbjʊərən/vanBURE-ən;Dutch:Maarten van Buren[ˈmaːrtə(n)vɑmˈbyːrə(n)]ⓘ; December 5, 1782 – July 24, 1862) was an American lawyer, diplomat, and statesman who served as the eighthpresident of the United Statesfrom 1837 to 1841. A primary founder of theDemocratic Party, he served asNew York's attorney generalandU.S. senator, then briefly as the ninthgovernor of New Yorkbefore joiningAndrew Jackson's administration as the tenthUnited States secretary of state, minister to Great Britain, and ultimately the eighthvice presidentwhen named Jackson's running mate for the1832 election. Van Buren won the presidency in1836against divided Whig opponents, the first president ofnon-Anglo-Saxon heritageand so far the only speakingEnglish as a second language. Van Buren lost re-election in1840, and failed to win the Democratic nomination in1844. Later in his life, Van Buren emerged as an elder statesman and an important anti-slavery leader who led theFree Soil Partyticket in the1848 presidential election.",us
Q11869,William,Harrison,1773-02-09,1841-04-04,Charles City County,https://en.wikipedia.org/wiki/William_Henry_Harrison,1841-03-04,1841-04-04,"William Henry Harrison(February 9, 1773 – April 4, 1841) was an American military officer and politician who served as the ninthpresident of the United States. Harrison died just 31 days after his inauguration as president in 1841, making his presidency the shortest in U.S. history. He was also the first U.S. president to die in office, causing a briefconstitutional crisissincepresidential successionwas not then fully defined in theUnited States Constitution. Harrison was the last president born as a British subject in theThirteen Coloniesand was the paternal grandfather ofBenjamin Harrison, the 23rd president of the United States.",us
Q11881,John,Tyler,1790-03-29,1862-01-18,Charles City County,https://en.wikipedia.org/wiki/John_Tyler,1841-04-04,1845-03-04,"John Tyler(March 29, 1790 – January 18, 1862) was an American politician who served as the tenthpresident of the United Statesfrom 1841 to 1845, after briefly holding office as the tenthvice presidentin 1841. He was elected vice president on the1840Whigticket with PresidentWilliam Henry Harrison, succeeding to the presidency following Harrison's death 31 days after assuming office. Tyler was a stalwart supporter and advocate ofstates' rights, including regardingslavery, and he adoptednationalisticpolicies as president only when they did not infringe on the states' powers. His unexpected rise to the presidency posed a threat to the presidential ambitions ofHenry Clayand other Whig politicians and left Tyler estranged from both of the nation's major political parties at the time.",us
Q11891,James,Polk,1795-11-02,1849-06-15,Pineville,https://en.wikipedia.org/wiki/James_K._Polk,1845-03-04,1849-03-04,"James Knox Polk(/poʊk/;November 2, 1795 – June 15, 1849) was the 11thpresident of the United States, serving from 1845 to 1849. He also served as the 13thspeaker of the House of Representativesfrom 1835 to 1839 and the ninthgovernor of Tennesseefrom 1839 to 1841. A protégé ofAndrew Jackson, he was a member of theDemocratic Partyand an advocate ofJacksonian democracy. Polk is known for extending the territory of the United States through theMexican–American Warduring his presidency,annexingtheRepublic of Texas, theOregon Territory, and theMexican Cessionafter winning the Mexican–American War.",us
Q11896,Zachary,Taylor,1784-11-24,1850-07-09,Barboursville,https://en.wikipedia.org/wiki/Zachary_Taylor,1849-03-04,1850-07-09,"Zachary Taylor(November 24, 1784 – July 9, 1850) was an American military leader who served as the 12thpresident of the United Statesfrom 1849 until his death in 1850. Taylor was a career officer in theUnited States Army, rising to the rank ofmajor generaland becoming a national hero for his victories in theMexican–American War. As a result, he won election to theWhite Housedespite his vague political beliefs. His top priority as president was to preserve the Union. He died 16 months into his term from astomach disease.",us
Q12306,Millard,Fillmore,1800-01-07,1874-03-08,Summerhill,https://en.wikipedia.org/wiki/Millard_Fillmore,1850-07-09,1853-03-04,"Millard Fillmore(January 7, 1800 – March 8, 1874) was the 13thpresident of the United States, serving from 1850 to 1853, the last to be a member of theWhig Partywhile in theWhite House.  A former member of theU.S. House of Representativesfromupstate New York, Fillmore was elected as the 12thvice presidentin1848, and succeeded to the presidency in July 1850 upon the death ofZachary Taylor. Fillmore was instrumental in passing theCompromise of 1850, a bargain that led to a brief truce in the battle over the expansion ofslavery. He failed to win theWhig nomination for president in 1852but gained the endorsement of the nativistKnow Nothing Partyfour years later and finished third in the1856 presidential election.",us
Q12312,Franklin,Pierce,1804-11-23,1869-10-08,Hillsborough,https://en.wikipedia.org/wiki/Franklin_Pierce,1853-03-04,1857-03-04,"Franklin Pierce(November 23, 1804 – October 8, 1869) was an American politician who served as the 14thpresident of the United Statesfrom 1853 to 1857. A northernDemocratwho believed that theabolitionist movementwas a fundamental threat to the nation's unity, he alienated anti-slavery groups by signing theKansas–Nebraska Actand enforcing theFugitive Slave Act. Conflict between North and South continued after Pierce's presidency, and, afterAbraham Lincolnwaselected president in 1860, theSouthern states seceded, resulting in theAmerican Civil War.",us
Q12325,James,Buchanan,1791-04-23,1868-06-01,Stony Batter,https://en.wikipedia.org/wiki/James_Buchanan,1857-03-04,1861-03-04,"James Buchanan Jr.(/bjuːˈkænən/bew-KAN-ən;April 23, 1791 – June 1, 1868) was an American lawyer, diplomat, and politician. He served as the 15thpresident of the United Statesfrom 1857 to 1861, as thesecretary of Statefrom 1845 to 1849, and representedPennsylvaniain both houses of theU.S. Congress. He was an advocate forstates' rights, particularly regardingslavery, and minimized the role of thefederal governmentpreceding theCivil War.",us
Q22686,Donald,Trump,1946-06-14,,Jamaica Hospital Medical Center,https://en.wikipedia.org/wiki/Donald_Trump,2017-01-20,2021-01-20,"Donald John Trump(born June 14, 1946) is an American politician, media personality, and businessman who served as the 45thpresident of the United Statesfrom 2017 to 2021.",us
Q23505,George,Bush,1924-06-12,2018-11-30,Milton,https://en.wikipedia.org/wiki/George_H._W._Bush,1989-01-20,1993-01-20,"George Herbert Walker Bush[a](June 12, 1924 – November 30, 2018) was an American politician, diplomat,and businessman who served as the 41stpresident of the United Statesfrom 1989 to 1993. A member of theRepublican Party, he also served as the 43rdvice presidentfrom 1981 to 1989 underRonald Reagan, and in various otherfederal positionsprior to that.",us
Q23685,Jimmy,Carter,1924-10-01,,Lillian G. Carter Nursing Center,https://en.wikipedia.org/wiki/Jimmy_Carter,1977-01-20,1981-01-20,"During Carter's infancy, his family moved several times,settling on a dirt road in nearbyArchery, which was almost entirely populated by impoverishedAfrican Americanfamilies.His family eventually had three more children:Gloria,Ruth, andBilly.He got along well with his parents. His mother was often absent during his childhood, working long hours. Although his father was staunchlypro-segregation, he allowed Jimmy to befriend the black farmhands' children.Carter was an enterprising teenager who was given his own acre of Earl's farmland, where he grew, packaged, and sold peanuts.He also rented out a section of tenant housing that he had purchased.",us
Q33866,Theodore,Roosevelt,1858-10-27,1919-01-06,Manhattan,https://en.wikipedia.org/wiki/Theodore_Roosevelt,1901-09-14,1909-03-04,"Theodore  Roosevelt Jr.[b](October 27, 1858 – January 6, 1919), often referred to asTeddyor by his initials,T.R., was an American politician, statesman, conservationist, naturalist, and writer who served as the 26thpresident of the United Statesfrom 1901 to 1909. He previously held various positions inNew Yorkpolitics, rising up the ranks to serve as the state's33rd governorfor two years. He later served as the 25thvice presidentunder presidentWilliam McKinleyfor six months in 1901, assuming the presidency afterMcKinley's assassination. As president, Roosevelt emerged as a leader of theRepublican Partyand became a driving force foranti-trustandProgressivepolicies.",us
Q34296,Woodrow,Wilson,1856-12-28,1924-02-03,Staunton,https://en.wikipedia.org/wiki/Woodrow_Wilson,1913-03-04,1921-03-04,"Thomas Woodrow Wilson(December 28, 1856 – February 3, 1924) was an American politician and academic who served as the 28thpresident of the United Statesfrom 1913 to 1921. A member of theDemocratic Party, Wilson served as thepresident of Princeton Universityand as thegovernor of New Jerseybefore winning the1912 presidential election. As president, Wilson changed the nation's economic policies and led the United States intoWorld War Iin 1917. He was the leading architect of theLeague of Nations, and his progressive stance on foreign policy came to be known asWilsonianism.",us
Q34597,James,Garfield,1831-11-19,1881-09-19,Moreland Hills,https://en.wikipedia.org/wiki/James_A._Garfield,1881-03-04,1881-09-19,"James Abram Garfield(November 19, 1831 – September 19, 1881) was the 20thpresident of the United States, serving from March 1881 until his death the following September after beingshot by an assassinin July. A lawyer andCivil Wargeneral, Garfield served nine terms in theUnited States House of Representativesand is the only sitting member of the House to be elected president. Before his candidacy for the presidency, he had been elected to theU.S. Senateby theOhio General Assembly—a position he declined when he becamepresident-elect.",us
Q34836,Ulysses,Grant,1822-04-27,1885-07-23,Point Pleasant,https://en.wikipedia.org/wiki/Ulysses_S._Grant,1869-03-04,1877-03-04,"Ulysses S. Grant(bornHiram Ulysses Grant;[b]April 27, 1822 – July 23, 1885) was an American military officer and politician who served as the 18thpresident of the United Statesfrom 1869 to 1877. Ascommanding general, he led theUnion Armyto victory in theAmerican Civil Warin 1865 and thereafter briefly served asU.S. secretary of war. As president, Grant was an effective civil rights executive who signed the bill that createdthe Justice Departmentand worked withRadical Republicansto protect African Americans duringReconstruction.",us
Q35041,William,McKinley,1843-01-29,1901-09-14,Niles,https://en.wikipedia.org/wiki/William_McKinley,1897-03-04,1901-09-14,"William McKinley(January 29, 1843 – September 14, 1901) was an American politician who served as the 25thpresident of the United Statesfrom 1897 untilhis assassination in 1901. A member of theRepublican Party, he led a realignment that made Republicanslargely dominant in the industrial states and nationwidefor decades. He presided over victory in theSpanish–American Warof 1898; gained control of Hawaii, Puerto Rico, the Philippines and Cuba; restored prosperity after a deep depression; rejected the inflationarymonetary policyoffree silver, keeping the nation on thegold standard; and raisedprotective tariffs.",us
Q35171,Stephen,Cleveland,1837-03-18,1908-06-24,Caldwell,https://en.wikipedia.org/wiki/Grover_Cleveland,1893-03-04,1897-03-04,"Stephen Grover Cleveland(March 18, 1837 – June 24, 1908) was an American politician who served as the 22nd and 24thpresident of the United Statesfrom 1885 to 1889 and from 1893 to 1897. He is the only president in U.S. history to serve non-consecutive presidential terms.[b]In the years before his presidency, he served as a mayor andgovernor of New Yorkstate, winning fame as an anti-corruption crusader. Cleveland was the firstDemocratto win the presidency after theCivil War, and was one of two Democrat presidents, followed byWoodrow Wilsonin 1912, in an era whenRepublicansdominated the presidency between 1861 and 1933. He won thepopular votein three presidential elections—1884,1888, and 1892.Benjamin Harrisonwon theelectoral collegevote, and thus the presidency, in 1888.",us
Q35236,Herbert,Hoover,1874-08-10,1964-10-20,West Branch,https://en.wikipedia.org/wiki/Herbert_Hoover,1929-03-04,1933-03-04,"Herbert Clark Hoover(August 10, 1874 – October 20, 1964) was an American politician who served as the 31stpresident of the United Statesfrom 1929 to 1933. A member of theRepublican Party, he held office during the onset of theGreat Depression. A wealthy mining engineer before his presidency, Hoover led the wartimeCommission for Relief in Belgium, served as the director of theU.S. Food Administration, and served as theU.S. secretary of commerce.",us
Q35286,Warren,Harding,1865-11-02,1923-08-02,Blooming Grove,https://en.wikipedia.org/wiki/Warren_G._Harding,1921-03-04,1923-08-02,"Warren Gamaliel Harding(November 2, 1865 – August 2, 1923) was an American politician who served as the 29thpresident of the United Statesfrom 1921 until his death in 1923. A member of theRepublican Party, he was one of the most popular sitting U.S. presidents. After his death, a number of scandals were exposed, includingTeapot Dome, as well as an extramarital affair withNan Britton, which tarnished his reputation.",us
Q35498,Chester,Arthur,1829-10-05,1886-11-18,Fairfield,https://en.wikipedia.org/wiki/Chester_A._Arthur,1881-09-19,1885-03-04,"Chester Alan Arthur(October 5, 1829[b]– November 18, 1886) was an American politician who served as the 21stpresident of the United Statesfrom 1881 to 1885. He was aRepublicanlawyer fromNew Yorkwho briefly served as the 20thvice presidentunder PresidentJames A. Garfield. Arthur assumed the presidency after Garfield'sdeathon September 19, 1881, and served the remainder of his term until March 4, 1885.",us
Q35648,William,Taft,1857-09-15,1930-03-08,Cincinnati,https://en.wikipedia.org/wiki/William_Howard_Taft,1909-03-04,1913-03-04,"William Howard Taft(September 15, 1857 – March 8, 1930) was the 27thpresident of the United States, serving from 1909 to 1913, and the tenthchief justice of the United States, serving from 1921 to 1930, the only person to have held both offices. Taft was elected presidentin 1908, the chosen successor ofTheodore Roosevelt, but was defeated for reelectionin 1912byWoodrow Wilsonafter RooseveltsplittheRepublicanvote by running as athird-partycandidate. In 1921, PresidentWarren G. Hardingappointed Taft to be chief justice, a position he held until a month before his death.",us
Q35678,Benjamin,Harrison,1833-08-20,1901-03-13,North Bend,https://en.wikipedia.org/wiki/Benjamin_Harrison,1889-03-04,1893-03-04,"Benjamin Harrison(August 20, 1833 – March 13, 1901) was an American politician who served as the 23rdpresident of the United Statesfrom 1889 to 1893. He was a member of theHarrison family of Virginia—a grandson of the ninth president,William Henry Harrison, and a great-grandson ofBenjamin Harrison V, aFounding Father.",us
Q35686,Rutherford,Hayes,1822-10-04,1893-01-17,Delaware,https://en.wikipedia.org/wiki/Rutherford_B._Hayes,1877-03-04,1881-03-04,"Rutherford Birchard Hayes(/ˈrʌðərfərd/; October 4, 1822 – January 17, 1893) was an American military officer and politician from the state ofOhio. ARepublican, Hayes served as the 19thpresident of the United Statesfrom 1877 to 1881.",us
Q36023,John,Coolidge,1872-07-04,1933-01-05,Plymouth Notch,https://en.wikipedia.org/wiki/Calvin_Coolidge,1923-08-02,1929-03-04,"Calvin Coolidge(bornJohn Calvin Coolidge Jr.;/ˈkuːlɪdʒ/; July 4, 1872 – January 5, 1933) was an American attorney and politician who served as the 30thpresident of the United Statesfrom 1923 to 1929.",us
Q157,François,Hollande,1954-08-12,,Rouen,https://fr.wikipedia.org/wiki/Fran%C3%A7ois_Hollande,2012-05-15,2017-05-14,"Cet article concerne la biographie de la personne. Pour sa présidence, voirprésidence de François Hollande.",fr
Q329,Nicolas,Sarkozy,1955-01-28,,Paris,https://fr.wikipedia.org/wiki/Nicolas_Sarkozy,2007-05-16,2012-05-15,"Nicolas Sarközy de Nagy-Bocsa[d], ditNicolas Sarkozy(/ni.kɔ.lasaʁ.kɔ.zi/[e];Écouter), né le28 janvier 1955àParis(France), est unhomme d'Étatfrançais. Il estprésident de la République françaisedu16 mai 2007au15 mai 2012.",fr
Q2038,François,Mitterrand,1916-10-26,1996-01-08,Jarnac,https://fr.wikipedia.org/wiki/Fran%C3%A7ois_Mitterrand,1981-05-21,1995-05-17,"François Mitterrand[fʁɑ̃swamitɛʁɑ̃][n 1]Écouter, né le26 octobre 1916àJarnac(Charente) et mort le8 janvier 1996àParis, est unhomme d'Étatfrançais,président de la Républiquedu21 mai 1981au17 mai 1995.",fr
Q2042,Charles,de Gaulle,1890-11-22,1970-11-09,Lille,https://fr.wikipedia.org/wiki/Charles_de_Gaulle,1959-01-08,1969-04-28,"Pour les articles homonymes, voirCharles de Gaulle (homonymie)etGaulle.",fr
Q2105,Jacques,Chirac,1932-11-29,2019-09-26,5th arrondissement of Paris,https://fr.wikipedia.org/wiki/Jacques_Chirac,1995-05-17,2007-05-16,"Jacques Chirac(/ʒakʃiʁak/[b]Écouter), né le29 novembre 1932dans le5earrondissement de Pariset mort le26 septembre 2019dans le6earrondissement de la même ville, est unhaut fonctionnaireethomme d'Étatfrançais. Il estPremier ministrede 1974 à 1976, puis de 1986 à 1988, etprésident de la Républiquede 1995 à 2007.",fr
Q2124,Valéry,Giscard d'Estaing,1926-02-02,2020-12-02,Koblenz,https://fr.wikipedia.org/wiki/Val%C3%A9ry_Giscard_d%27Estaing,1974-05-27,1981-05-21,"Valéry Giscard d'Estaing[valeʁiʒiskaʁdɛstɛ̃][d]Écouter— communément appelé «Giscard» ou désigné par ses initiales, «VGE» —, né le2 février 1926àCoblence(Allemagne) et mort le2 décembre 2020àAuthon(France), est unhomme d'Étatfrançais,président de la Républiquede 1974 à 1981.",fr
Q2185,Georges,Pompidou,1911-07-05,1974-04-02,Montboudif,https://fr.wikipedia.org/wiki/Georges_Pompidou,1969-06-20,1974-04-02,"Georges Pompidou(Écouter), né le5 juillet 1911àMontboudif(Cantal) et mort le2 avril 1974àParis, est unhaut fonctionnaireethomme d'Étatfrançais. Il estPremier ministredu14 avril 1962au10 juillet 1968etprésident de la Républiquedu20 juin 1969à sa mort.",fr
Q5738,Adolphe,Thiers,1797-04-15,1877-09-03,Marseille,https://fr.wikipedia.org/wiki/Adolphe_Thiers,1871-08-31,1873-05-24,"Cet article concerne l'homme d'État. Pour l'architecte, voirAdolphe Thiers (architecte).",fr
Q7721,Napoléon,Bonaparte,1808-04-20,1873-01-09,Paris,https://fr.wikipedia.org/wiki/Napol%C3%A9on_III,1848-12-20,1852-12-02,Ne doit pas être confondu avecNapoléon-Louis Bonaparte (1804-1831)ouLouis-Napoléon Bonaparte (1856-1879).,fr
Q12680,Paul,Doumer,1857-03-22,1932-05-07,Aurillac,https://fr.wikipedia.org/wiki/Paul_Doumer,1931-06-13,1932-05-07,"Joseph Athanase Doumer, ditPaul Doumer, né le22 mars 1857àAurillac(Cantal) etassassinéle7 mai 1932àParis, est unhomme d'Étatfrançais. Il estprésident de la Républiquedu13 juin 1931à sa mort.",fr
Q12950,Alain,Poher,1909-04-17,1996-12-09,Ablon-sur-Seine,https://fr.wikipedia.org/wiki/Alain_Poher,1969-04-28,1969-06-20,"Alain Poher, né le17 avril 1909àAblon-sur-Seine(Seine-et-Oise) et mort le9 décembre 1996àParis16e, est unhomme d'Étatfrançais.",fr
Q158749,Albert,Lebrun,1871-08-29,1950-03-06,Mercy-le-Haut,https://fr.wikipedia.org/wiki/Albert_Lebrun,1932-05-10,1940-07-11,"Albert Lebrun, né le29 août 1871àMercy-le-Haut(alors enMosellerestée française après letraité de Francfort) et mort le6 mars 1950àParis(alors dans ledépartement de la Seine), est unhomme d'Étatfrançais. Il estprésident de la République françaisedu10 mai 1932au11 juillet 1940(le dernier de laIIIeRépublique).",fr
Q158768,René,Coty,1882-03-20,1962-11-22,Le Havre,https://fr.wikipedia.org/wiki/Ren%C3%A9_Coty,1954-01-16,1959-01-08,"René Coty, né le20 mars 1882auHavreet mort le22 novembre 1962dans la même ville, est unhomme d'Étatfrançais. Il estprésident de la Républiquedu16 janvier 1954au8 janvier 1959.",fr
Q158772,Vincent,Auriol,1884-08-27,1966-01-01,Revel,https://fr.wikipedia.org/wiki/Vincent_Auriol,1947-01-16,1954-01-16,"Vincent Auriol, né le27 août 1884àRevel(Haute-Garonne) et mort le1erjanvier 1966àParis, est unhomme d'Étatfrançais. Il estprésident de la Républiquedu16 janvier 1947au16 janvier 1954.",fr
Q158838,Patrice,de Mac Mahon,1808-06-13,1893-10-17,Sully,https://fr.wikipedia.org/wiki/Patrice_de_Mac_Mahon,1873-05-24,1879-01-30,"Patrice de Mac Mahon[b], comte deMac Mahon,1erduc de Magenta,maréchal de France, né le13 juin 1808auchâteaudeSully(Saône-et-Loire) et mort le17 octobre 1893àMontcresson(Loiret), est unmilitaireethomme d’Étatfrançais,président de la Républiquedu 24 mai 1873 au 30 janvier 1879.",fr
Q169502,Émile,Loubet,1838-12-31,1929-12-20,Marsanne,https://fr.wikipedia.org/wiki/%C3%89mile_Loubet,1899-02-18,1906-02-18,"Émile Loubet, né le30 décembre 1838àMarsanne(Drôme) et mort le20 décembre 1929àMontélimar(Drôme), est unhomme d'Étatfrançais. Il estprésident de la République françaisedu18 février 1899au18 février 1906.",fr
Q191974,Raymond,Poincaré,1860-08-20,1934-10-15,Bar-le-Duc,https://fr.wikipedia.org/wiki/Raymond_Poincar%C3%A9,1913-02-18,1920-02-18,"Raymond Poincaré, du nom completRaymond Nicolas Landry Poincaré, est né le20 août 1860àBar-le-Duc(Meuse) et mort le15 octobre 1934àParis, est unavocatethomme d'Étatfrançais. Il est leprésident de la République françaisedu18 février 1913au18 février 1920.",fr
Q215778,Marie,Carnot,1837-08-11,1894-06-25,Limoges,https://fr.wikipedia.org/wiki/Sadi_Carnot_(homme_d%27%C3%89tat),1887-12-03,1894-06-25,"Marie François Sadi Carnot, plus souvent appeléSadi Carnot, est unhomme d'Étatfrançais, né le11 août 1837àLimogeset mort assassiné le25 juin 1894àLyon. Il estprésident de la Républiquedu3 décembre 1887à sa mort.",fr
Q274540,Alexandre,Millerand,1859-02-10,1943-04-06,Paris,https://fr.wikipedia.org/wiki/Alexandre_Millerand,1920-09-23,1924-06-11,"Alexandre Millerand, né le10 février 1859àPariset mort le6 avril 1943àVersailles, est unhomme d'Étatfrançais. Il estprésident du Conseildu20 janvierau23 septembre 1920, puisprésident de la Républiquedu23 septembre 1920au11 juin 1924.",fr
Q296064,Gaston,Doumergue,1863-08-01,1937-06-18,Aigues-Vives,https://fr.wikipedia.org/wiki/Gaston_Doumergue,1924-06-13,1931-06-13,"Gaston Doumergue, né le1eraoût 1863àAigues-Vives(Gard) et mort le18 juin 1937dans la même ville, est unhomme d'Étatfrançais. Il estprésident de la République françaisedu13 juin 1924au13 juin 1931.",fr
Q296076,Félix,Faure,1841-01-30,1899-02-16,Paris,https://fr.wikipedia.org/wiki/F%C3%A9lix_Faure,1895-01-17,1899-02-16,"Félix Faure, né le30 janvier 1841àPariset mort le16 février 1899dans la même ville, est unhomme d'Étatfrançais. Il estprésident de la Républiquedu17 janvier 1895à sa mort.",fr
Q296083,Jules,Grévy,1807-08-15,1891-09-09,Mont-sous-Vaudrey,https://fr.wikipedia.org/wiki/Jules_Gr%C3%A9vy,1879-01-30,1887-12-02,"Jules Grévy se marie le29 août 1848àParis, avecCoralie Fraisse, fille d'un négociant tanneur deNarbonne. Ils ont une fille : Alice (1849-1938).Jules Ferryfut plus tard témoin du mariage de sa fille avecDaniel Wilson, en 1881.",fr
Q296673,Clément,Fallières,1841-11-06,1931-06-22,Mézin,https://fr.wikipedia.org/wiki/Armand_Falli%C3%A8res,1906-02-18,1913-02-18,"Clément Armand Fallières est issu d'une famille de propriétaires ruraux de l'Albret, localisée àMézin(Lot-et-Garonne). Son grand-père paternel, Joseph Fallières (1781-1866), estforgeron, tandis que son père, Pierre Fallières(1810-1874), occupe la fonction de géomètre-arpenteur. Pierre Fallières est marié à Marie-Magdeleine Sérizac. Lorsque son beau-père, M. Sérizac, prend sa retraite, Pierre Fallières le remplace en tant que greffier de la justice de paix de Mézin.",fr
Q309995,Paul,Deschanel,1855-02-13,1922-04-28,Schaerbeek - Schaarbeek,https://fr.wikipedia.org/wiki/Paul_Deschanel,1920-02-18,1920-09-21,"Paul Deschanel, né le13 février 1855àSchaerbeek(Belgique) et mort le28 avril 1922àParis(France), est unhomme d'État,journalisteetécrivainfrançais,président de la Républiquedu18 févrierau21 septembre 1920.",fr
Q312026,Georges,Bidault,1899-10-05,1983-01-27,Moulins,https://fr.wikipedia.org/wiki/Georges_Bidault,1946-06-24,1946-10-14,Ne doit pas être confondu avecGeorges Bidault de l'Isle.,fr
Q315656,Jean,Casimir-Perier,1847-11-08,1907-03-11,Paris,https://fr.wikipedia.org/wiki/Jean_Casimir-Perier,1894-06-27,1895-01-16,"Jean Casimir-Perier, né le8 novembre 1847àPariset mort le11 mars 1907dans la même ville, est unhomme d'Étatfrançais. Il estprésident de la République françaisedu27 juin 1894au16 janvier 1895.",fr
Q356032,Charles,Dupuy,1851-11-05,1923-07-23,Le Puy-en-Velay,https://fr.wikipedia.org/wiki/Charles_Dupuy,1894-06-25,1894-06-27,"Charles Dupuy, né le5 novembre 1851auPuy-en-Velayet mort le23 juillet 1923àIlle-sur-Têt, est unhomme d'Étatfrançais. Il occupe à plusieurs reprises la fonction deprésident du Conseilsous laIIIeRépublique, entre 1893 et 1899. Il est également président de laChambre des députésde 1893 à 1894.",fr
Q379702,Louis,Cavaignac,1802-10-15,1857-10-28,Paris,https://fr.wikipedia.org/wiki/Eug%C3%A8ne_Cavaignac,1848-06-28,1848-12-20,"LouisEugène Cavaignac, connu aussi sous le nom degénéral Cavaignac, né le23vendémiaireanXI(15 octobre 1802) àPariset mort le28 octobre 1857dans son château d'Ourne àFlée, est ungénéralethomme d'Étatfrançais.",fr
Q441235,Louis,None,1815-03-12,1896-10-07,Le Palais,https://fr.wikipedia.org/wiki/Louis_Jules_Trochu,1870-09-04,1871-01-22,"Louis-Jules Trochu, né auPalaisàBelle-Île-en-Mer(Morbihan) le12 mars 1815et mort àTours(Indre-et-Loire) le7 octobre 1896, est ungénéral de divisionethomme d'Étatfrançaissous leSecond Empire. Élève deSaint-Cyret de l'École d'application du Corps royal d'état-major,gouverneur de Paris, il prend le pouvoir à la suite de laproclamation de la République en 1870, et met en place ungouvernement de la Défense nationalele4 septembre 1870. Il quitte le pouvoir le17 février 1871et met fin à son gouvernement après avoir tenté de poursuivre laguerre franco-allemande.",fr
Q459212,Frédéric,None,1874-03-16,1958-05-20,Paris,https://fr.wikipedia.org/wiki/Fr%C3%A9d%C3%A9ric_Fran%C3%A7ois-Marsal,1924-06-11,1924-06-13,"Frédéric François-Marsal, né le16 mars 1874àPariset mort le20 mai 1958àGisors, est un homme d'affaires et unhomme politiquefrançaisde la droite républicaine, dont la carrière politique a culminé avec son bref passage à la présidence du Conseil en 1924.",fr
Q3052772,Emmanuel,Macron,1977-12-21,,Amiens,https://fr.wikipedia.org/wiki/Emmanuel_Macron,2017-05-14,,"Emmanuel Macron(/ɛmanɥɛlmakʁɔ̃/[e]Écouter), né le21 décembre 1977àAmiens(Somme), est unhaut fonctionnaireethomme d'Étatfrançais. Il estprésident de la République françaisedepuis le14 mai 2017.",fr
Q12978,Guy,Verhofstadt,1953-04-11,,Dendermonde,https://nl.wikipedia.org/wiki/Guy_Verhofstadt,1999-07-12,2008-03-20,"Guy Maurice Marie-Louise Verhofstadt(uitspraakⓘ) (Dendermonde,11 april1953) is eenBelgischpoliticusvoor deOpen Vlaamse Liberalen en Democraten(Open Vld). Hij waspremier van Belgiëvan 12 juli 1999 tot 20 maart 2008 in drie regeringen. Nu is hij lid van hetEuropees Parlement, waar hij van 2009 tot 2019 fractieleider van deAlliantie van Liberalen en Democraten voor Europa(ALDE) was.",be
Q12981,Yves,Leterme,1960-10-06,,Wervik,https://nl.wikipedia.org/wiki/Yves_Leterme,2009-11-25,2011-12-06,"Yves Camille Désiré Leterme(Wervik,6 oktober1960) is eenBelgischpoliticus. Hij was onder meerVlaams minister-presidentenpremier van België. Hij was lang boegbeeld van deCD&Ven boegbeeld van het toenmalige kartelCD&V/N-VA.",be
Q12983,Herman,None,1947-10-31,,Etterbeek,https://nl.wikipedia.org/wiki/Herman_Van_Rompuy,2008-12-30,2009-11-25,"Herman Achille graaf Van Rompuy(Etterbeek,31 oktober1947) is eenBelgischepoliticus van de christendemocratische partijCD&V. Hij was tussen 30 december 2008 en 25 november 2009 depremier van Belgiëen van 1 januari 2010tot en met 30 november 2014voorzitter van de Europese Raad, in de media vaak incorrect 'president van Europa' genoemd.Op 19 november 2009 werd bekendgemaakt dat hij was verkozen tot de eerste permanente voorzitter en op 1 maart 2012 werd Van Rompuy met algemene stemmen door de 27 staatshoofden en regeringsleiders van de EU voor een tweede mandaat benoemd. Na deze termijn was hij niet meer herkiesbaar.",be
Q14989,Léon,Delacroix,1867-12-27,1929-10-15,Saint-Josse-ten-Noode,https://nl.wikipedia.org/wiki/L%C3%A9on_Delacroix,1918-11-21,1920-11-20,"Léon Fréderic Gustave Delacroix(Sint-Joost-ten-Node,27 december1867–Baden-Baden,15 oktober1929) was eenBelgischkatholiekpoliticus. De Léon Delacroixstraat inAnderlechten hetmetrostation Delacroixwerden naar hem vernoemd.",be
Q14990,Henry,Carton,1869-01-31,1951-05-06,Brussels,https://nl.wikipedia.org/wiki/Henri_Carton_de_Wiart,1920-11-20,1921-12-16,"Henri Victor Marie Ghislain graaf Carton de Wiart(Brussel,31 januari1869–Ukkel,6 mei1951) (ook als ""Henry"" vermeld) was eenBelgischepoliticus. Hij wasEerste Ministervan 1920 tot 1921.",be
Q14991,Georges,Theunis,1873-02-28,1966-01-04,Montegnée,https://nl.wikipedia.org/wiki/Georges_Theunis,1934-11-20,1935-03-25,"Georges Emile Pierre Léonard Theunis(Montegnée,28 februari1873–Brussel,4 januari1966) was eenBelgischpoliticusvan deKatholieke Partij.",be
Q14992,Aloïs,Van de Vyvere,1871-06-08,1961-10-22,Tielt,https://nl.wikipedia.org/wiki/Aloys_Van_de_Vyvere,1925-05-13,1925-06-17,"Aloys Jean Maria Joseph Van de Vyvere(Tielt,8 juni1871-Parijs,22 oktober1961) was eenBelgischkatholiekvolksvertegenwoordigerenminister.",be
Q14993,Prosper,Poullet,1868-03-05,1937-12-03,Leuven,https://nl.wikipedia.org/wiki/Prosper_Poullet,1925-06-17,1926-05-20,"Prosper Antoine Marie Joseph burggraaf Poullet(Leuven,5 maart1868-3 december1937) was eenBelgischpoliticus.",be
Q14994,Henri,Jaspar,1870-07-28,1939-02-15,Schaerbeek - Schaarbeek,https://nl.wikipedia.org/wiki/Henri_Jaspar,1926-05-20,1931-06-06,"Henri Jaspar(Schaarbeek,28 juli1870-Sint-Gillis,15 februari1939) was eenBelgischkatholiekpoliticus, die twee keer premier van België was.",be
Q14995,Jules,None,1862-12-03,1934-07-15,Ixelles - Elsene,https://nl.wikipedia.org/wiki/Jules_Renkin,1931-06-06,1932-10-22,"Jules Laurent Jean Louis Renkin(Elsene,3 december1862-Brussel,15 juli1934) was eenBelgischkatholiekpoliticus.",be
Q14996,Paul,Van Zeeland,1893-11-11,1973-09-22,Soignies,https://nl.wikipedia.org/wiki/Paul_van_Zeeland,1935-03-25,1937-11-24,"Paul Guillaume van Zeeland(Zinnik,11 november1893–Brussel,22 september1973) was eenBelgischadvocaat, econoom, katholiek politicus en staatsman.",be
Q14997,Achille,Van Acker,1898-04-08,1975-07-10,Bruges,https://nl.wikipedia.org/wiki/Achiel_Van_Acker,1954-04-23,1958-06-26,"Achille Honoré (Achiel) Van Ackeruitspraakⓘ(Brugge,8 april1898– aldaar,10 juli1975) was eenBelgischsocialistischpoliticus. Hij was viermaalpremier van België.",be
Q14998,Camille,Huysmans,1871-05-26,1968-02-25,Bilzen,https://nl.wikipedia.org/wiki/Camille_Huysmans,1946-08-03,1947-03-20,"Jean Joseph Camille Huysmans(ookKamiel Huysmansgenoemd (Bilzen,26 mei1871-Antwerpen,25 februari1968), geboren alsCamiel Hansen, was eenBelgischjournalistensocialistischpoliticusvoor deBWP/BSP.",be
Q14999,Gaston,Eyskens,1905-04-01,1988-01-03,Lier,https://nl.wikipedia.org/wiki/Gaston_Eyskens,1968-07-17,1973-01-26,"Gaston François Marie burggraaf Eyskens(Lier,1 april1905–Leuven,3 januari1988) was drie maalchristendemocratischeerste ministervanBelgiëin de periode tussen1949en1973. Hij was de eerste Belgische regeringsleider die geboren was in de20e eeuw.",be
Q15002,Leo,Tindemans,1922-04-16,2014-12-26,Zwijndrecht,https://nl.wikipedia.org/wiki/Leo_Tindemans,1974-04-25,1978-10-20,"Leonard Clemence (Leo) Tindemans(Zwijndrecht,16 april1922–Edegem,26 december2014) was eenBelgischpoliticusvoor deCVPenminister van staat. Hij waseerste ministervan twee regeringen inBelgië(periode van25 april1974tot20 oktober1978) en behaalde het grootste aantal voorkeurstemmen in de Belgische geschiedenis bij deEuropese verkiezingenvan 1979. Daardoor kreeg hij de bijnaam ""de man van 1 miljoen stemmen"".",be
Q15048,Elio,Di Rupo,1951-07-18,,Morlanwelz,https://nl.wikipedia.org/wiki/Elio_Di_Rupo,2011-12-06,2014-10-11,"Elio Di Rupo(Morlanwelz,18 juli1951) is eenBelgischepoliticusvoor deParti Socialiste(PS). Van 6 december 2011 tot 11 oktober 2014 was hijpremier van Belgiëen werd meermaals minister en minister-president van deWaalse Regering.",be
Q15056,Jean-Luc,Dehaene,1940-08-07,2014-05-15,Montpellier,https://nl.wikipedia.org/wiki/Jean-Luc_Dehaene,1992-03-07,1999-07-12,"Jean-Luc Dehaene maakte zijn opgang in de politiek via de partijcenakels van de voormaligeCVP, het huidigeCD&V. Nadat hij op het Studiecentrum voor de Expansie van Antwerpen werkte, ging hij vanaf 1965 werken bij de studiedienst van hetACW, de koepelorganisatie van de Belgische christelijke arbeidersbeweging. Van 1968 tot 1972 leidde Dehaene deze studiedienst.",be
Q15956,Frans,Schollaert,1851-08-19,1917-06-29,Wilsele,https://nl.wikipedia.org/wiki/Frans_Schollaert,1908-01-09,1911-06-17,"François Victor Marie Ghislain (Frans) Schollaert(Wilsele,19 augustus1851-Sainte-Adresse,25 juni1917)was eenBelgischkatholiekpoliticus.",be
Q143202,Pieter,Decker,1812-01-25,1891-01-04,Zele,https://nl.wikipedia.org/wiki/Pieter_de_Decker,1855-03-30,1857-11-09,"Pierre Jacques François (Pieter) de Decker(Zele,25 januari1812-Schaarbeek,4 januari1891) was eenBelgischpoliticusenauteur.",be
Q155691,Paul-Henri,Spaak,1899-01-25,1972-07-31,Schaerbeek - Schaarbeek,https://nl.wikipedia.org/wiki/Paul-Henri_Spaak,1947-03-20,1949-08-11,"Paul-Henri Charles Spaakuitspraakⓘ(Schaarbeek,25 januari1899-Eigenbrakel,31 juli1972) was eenBelgischsocialistischpoliticusen regeringsleider.",be
Q202049,Auguste,Beernaert,1829-07-26,1912-10-06,Ostend,https://nl.wikipedia.org/wiki/Auguste_Beernaert,1884-10-26,1894-03-26,"Auguste Marie François (August) Beernaert(Oostende,26 juli1829–Luzern,6 oktober1912) was eenBelgischkatholiekpoliticusenmensenrechtenactivist. In 1909 won hij deNobelprijs voor de Vrede.",be
Q221781,Théodore,Lefèvre,1914-01-17,1973-09-18,Ghent,https://nl.wikipedia.org/wiki/Th%C3%A9o_Lef%C3%A8vre,1961-04-25,1965-07-28,"Théodore Joseph Albéric Marie Lefèvre(Gent,17 januari1914–Sint-Lambrechts-Woluwe,18 september1973) was eenBelgischpoliticus. Hij was premier van België van 1961 tot 1965, aan het hoofd van deregering Lefèvre-Spaak.",be
Q250021,Paul,None,1919-05-22,2001-01-09,Forest,https://nl.wikipedia.org/wiki/Paul_Vanden_Boeynants,1978-10-20,1979-04-03,"Paul Emile François Henri Vanden Boeynants(Vorst,22 mei1919–Aalst,8 januari2001), in de media en door hemzelf bijgenaamd 'VDB', was eenBelgischvolksvertegenwoordiger, minister enpremier. Alsondernemerwas hij actief in de vleesindustrie.",be
Q289570,Étienne,Gerlache,1785-12-26,1871-02-10,Château of Biourge,https://nl.wikipedia.org/wiki/Etienne_de_Gerlache,1831-02-27,1831-03-10,"Etienne Constantin baron de Gerlache(Biourge,25 december1785-Elsene,10 februari1871) wasadvocaat, politicus en magistraat in hetVerenigd Koninkrijk der Nederlandenen inBelgië.",be
Q313809,Wilfried,Martens,1936-04-19,2013-10-09,Sleidinge,https://nl.wikipedia.org/wiki/Wilfried_Martens,1981-12-17,1992-03-07,"Wilfried Achiel Emma Martensuitspraakⓘ(Sleidinge,19 april1936–Lokeren,9 oktober2013) was een Vlaams-Belgische politicus voor deCD&V(vroeger CVP) en was van april 1979 tot maart 1992 (met een korte onderbreking)eerste ministervanBelgië.",be
Q349477,Mark,Eyskens,1933-04-29,,Leuven,https://nl.wikipedia.org/wiki/Mark_Eyskens,1981-04-06,1981-12-17,"Mark Eyskens is de zoon van politicus enpremierGaston Eyskens(1905-1988) en Gilberte Depetter (1902-1988). Hij had een broer, Erik Eyskens           (1935-2008), die chirurg was inAntwerpen. Een andere broer en zus overleden op jonge leeftijd.",be
Q363942,Pierre,Harmel,1911-03-16,2009-11-15,Uccle,https://nl.wikipedia.org/wiki/Pierre_Harmel,1965-07-28,1966-03-19,"Pierre Charles José Marie graaf Harmel(Ukkel,16 maart1911–Brussel,15 november2009) was eenBelgischadvocaat,hoogleraaren christendemocratischstaatsman.",be
Q442578,Hubert,Pierlot,1883-12-23,1963-12-13,Bertrix,https://nl.wikipedia.org/wiki/Hubert_Pierlot,1939-02-22,1945-02-12,"Hubert Marie Eugène Pierlot(Cugnon,23 december1883–Ukkel,13 december1963) was deBelgischeeerste ministervan1939tot1945.",be
Q446472,Jean-Baptiste,Nothomb,1805-07-03,1881-09-16,Messancy,https://nl.wikipedia.org/wiki/Jean-Baptiste_Nothomb,1841-04-13,1845-07-30,Jean Baptiste baron Nothomb was afkomstig uit een Luxemburgse familie. Hij was een zoon van de deurwaarder Jean-Baptiste Nothomb en van Hélène Schuweyler.,be
Q461745,Edmond,None,1915-04-18,1997-06-15,Lantremange,https://nl.wikipedia.org/wiki/Edmond_Leburton,1973-01-26,1974-04-25,"Edmond Jules Isidore Leburton(Lantremange,18 april1915–Borgworm,15 juni1997) was eenBelgischpoliticusvoor dePSB.",be
Q461753,Jean,None,1900-04-10,1977-10-11,Frasnes-lez-Gosselies,https://nl.wikipedia.org/wiki/Jean_Duvieusart,1950-06-08,1950-08-16,"Jean Pierre Armand Ghislain Marie Duvieusart(Frasnes-lez-Gosselies,10 april1900–Couillet,11 oktober1977) was eenBelgischadvocaatenkatholiekpoliticus.",be
Q468104,Joseph,Lebeau,1794-01-03,1865-03-19,Huy,https://nl.wikipedia.org/wiki/Joseph_Lebeau,1840-04-18,1841-04-13,"Jean Louis Joseph Lebeau(Hoei,2 januari1794– aldaar,19 maart1865) was lid van hetNationaal Congres,Belgischliberaalvolksvertegenwoordigereneerste minister.",be
Q468109,Charles,Rogier,1800-08-17,1885-05-27,Saint-Quentin,https://nl.wikipedia.org/wiki/Charles_Rogier,1857-11-09,1868-01-03,"Charles Latour Rogier(Nederlands, verouderd: Karel Rogier;Saint-Quentin17 augustus1800–Sint-Joost-ten-Node,27 mei1885) was eenBelgischpoliticus en een van de grondleggers van de Belgische staat.",be
Q472257,Barthélemy,None,1794-02-26,1874-08-24,Kasteel van Schabroek,https://nl.wikipedia.org/wiki/Barth%C3%A9lemy_de_Theux_de_Meylandt,1871-12-07,1874-08-21,"Barthélemy-Théodore graaf de Theux de Meylandt(Sint-Truiden,26 februari1794–Heusden,21 augustus1874) was eenBelgischstaatsman, eerste minister en lid van hetNationaal Congres.",be
Q472276,Felix,None,1793-04-05,1862-08-05,Pittem,https://nl.wikipedia.org/wiki/Felix_de_M%C3%BBelenaere,1831-07-24,1832-10-20,"Felix Amandus de Mûelenaere(Pittem,9 april1793– aldaar,5 augustus1862) was eenBelgischunionistischpoliticus.",be
Q476596,Alexander,De Croo,1975-11-03,,Vilvoorde,https://nl.wikipedia.org/wiki/Alexander_De_Croo,2020-10-01,,"Alexander Francis Herman De Croo(Vilvoorde,3 november1975) is eenBelgischpoliticus voorOpen Vld.Sedert 1 oktober 2020 is De Croopremier van Belgiëvan de zogenaamdeVivaldicoalitie. Hij volgdeSophie Wilmèsop en is de eerste Vlaamse premier in iets minder dan 10 jaar.",be
Q527479,Henri,de Brouckère,1801-01-25,1891-01-25,Bruges,https://nl.wikipedia.org/wiki/Henri_de_Brouck%C3%A8re,1852-10-31,1855-03-30,"Henri Ghislain Joseph Marie Hyacinthe de Brouckère(Brugge,25 januari1801-Brussel,25 januari1891) was eenBelgischliberaalpoliticus. Hij was onder meer eerste minister,volksvertegenwoordigeren lid van het BelgischNationaal Congres.",be
Q533339,Albert,None,1790-05-26,1873-05-05,Tournai,https://nl.wikipedia.org/wiki/Albert_Goblet_d%27Alviella,1832-10-20,1834-08-04,"Albert Joseph Goblet, sinds 1838graaf Goblet d'Alviella(Doornik,26 mei1790–Brussel,5 mei1873) was eenBelgischpoliticus en officier.",be
Q546727,Sylvain,Weyer,1802-01-19,1874-05-23,Leuven,https://nl.wikipedia.org/wiki/Sylvain_Van_de_Weyer,1845-07-30,1846-03-31,"Jean-Sylvain Van de Weyer(Leuven,19 januari1802–Londen,23 mei1874), beter bekend alsSylvain Van de Weyer, was een van de grondleggers van deBelgische Staat, en later ookeerste minister.",be
Q569138,Jules,Burlet,1844-04-10,1897-03-01,Ixelles - Elsene,https://nl.wikipedia.org/wiki/Jules_de_Burlet,1894-03-26,1896-02-25,"Jules Philippe Marie de Burlet(Elsene,10 april1844-Nijvel,1 maart1897) was eenBelgischkatholiekpoliticus.",be
Q665955,Paul-Émile,None,1872-05-30,1944-03-03,Brussels metropolitan area,https://nl.wikipedia.org/wiki/Paul-Emile_Janson,1937-11-24,1938-05-15,"Paul-Emile Janson(Brussel,30 mei1872- concentratiekampBuchenwald,3 maart1944) was deBelgischeeerste ministervan november 1937 tot mei 1938.",be
Q678535,Jules,Malou,1810-10-19,1886-07-11,Ypres,https://nl.wikipedia.org/wiki/Jules_Malou,1884-06-16,1884-10-26,"Jules Edouard François-Xavier Malou(Ieper,19 oktober1810-Sint-Lambrechts-Woluwe,11 juli1886) was eenBelgischpoliticus. Hij was onder meer leider van deKatholieke Partij,volksvertegenwoordiger,senatoreneerste minister.",be
Q705103,Charles,Broqueville,1860-12-04,1940-09-05,Postel,https://nl.wikipedia.org/wiki/Charles_de_Broqueville,1932-10-22,1934-11-20,"Charles Marie Pierre Albert graaf de Broqueville(Postel(Mol),4 december1860-Brussel,5 september1940) was deBelgischekabinetsleidertijdens deEerste Wereldoorlog(van17 juni1911tot1 juni1918) en eerste minister van22 oktober1932tot20 november1934. Hij was lid van deKatholieke Partij.",be
Q705111,Joseph,Pholien,1884-12-28,1968-01-04,Liège,https://nl.wikipedia.org/wiki/Joseph_Pholien,1950-08-16,1952-01-15,"Joseph Clovis Louis Marie Emmanuel Pholien(Luik,28 december1884–Brussel,4 januari1968) was eenBelgischpoliticusvan dePSC.",be
Q705128,Jean,Van Houtte,1907-03-17,1991-05-23,Ghent,https://nl.wikipedia.org/wiki/Jean_Van_Houtte,1952-01-15,1954-04-23,"Jean Maria Josephus baron Van Houtte(Gent,17 maart1907–Brussel,23 mei1991) was eenBelgischadvocaat,hoogleraarenpoliticusvan deCVP.",be
Q705791,Walthère,Frère,1812-04-22,1896-01-02,Liège,https://nl.wikipedia.org/wiki/Walth%C3%A8re_Fr%C3%A8re-Orban,1878-06-19,1884-06-16,"Hubert Joseph Walthère Frère-Orban(Luik,24 april1812–Brussel,2 januari1896) was eenBelgischliberaalpoliticusdie zijn stempel heeft gedrukt op de eerste halve eeuw onafhankelijkheid van België.",be
Q719483,Gérard,Cooreman,1852-03-25,1926-12-02,Ghent,https://nl.wikipedia.org/wiki/Gerard_Cooreman,1918-06-01,1918-11-21,"Gérard François Marie (Gerard) Cooreman(Gent,25 maart1852–Brussel,2 december1926) was eenBelgischadvocaatenpoliticusvoor dekatholieke Partij.",be
Q721772,Jules,Vandenpeereboom,1843-03-18,1917-03-06,Kortrijk,https://nl.wikipedia.org/wiki/Jules_Vandenpeereboom,1899-01-24,1899-08-05,"Jules Pierre Henri François Xavier Vandenpeereboom(Kortrijk,18 maart1843-Anderlecht,6 maart1917) was eenBelgischkatholiekpoliticus.",be
Q721781,Paul,None,1843-05-13,1913-09-09,Ghent,https://nl.wikipedia.org/wiki/Paul_de_Smet_de_Naeyer,1899-08-05,1907-05-02,"Paul Joseph graaf de Smet de Naeyer(Gent,13 mei1843–Brussel,9 september1913) was eenBelgischkatholiekpoliticus.",be
Q721798,Jules,Trooz,1857-02-21,1907-12-31,Leuven,https://nl.wikipedia.org/wiki/Jules_de_Trooz,1907-05-02,1907-12-31,"BaronJules Henri Ghislain Marie de Trooz(Leuven,21 februari1857-Brussel,31 december1907) was eenBelgischkatholiekpoliticus.",be
Q725589,Jules,d'Anethan,1803-04-23,1888-10-08,Brussels metropolitan area,https://nl.wikipedia.org/wiki/Jules_Joseph_d%27Anethan,1870-07-02,1871-12-07,"Jules Joseph d'Anethan(Brussel,23 april1803-Schaarbeek,8 oktober1888) was eenBelgischpoliticus. Hij waspremiervan 2 juli 1870 tot 7 december 1871.",be
Q950958,Charles,Michel,1975-12-21,,Namur,https://nl.wikipedia.org/wiki/Charles_Michel,2014-10-11,2019-10-27,"Charles Yves Jean Ghislaine Michel(Namen,21 december1975) is eenBelgischpoliticus voor de partijMouvement Réformateur(MR). Van 11 oktober 2014 tot 27 oktober 2019 was hijpremier van Belgiëin de regeringenMichel IenMichel II. Op 2 juli 2019 werd hij verkozen alsvoorzitter van de Europese Raad, in opvolging vanDonald Tusk, een functie die hij sinds 1 december 2019 uitoefent.",be
Q18434995,Sophie,Wilmès,1975-01-15,,Ixelles - Elsene,https://nl.wikipedia.org/wiki/Sophie_Wilm%C3%A8s,2019-10-27,2020-10-01,"Sophie Wilmès(Elsene,15 januari1975) is eenBelgischpoliticavan deMR. Van 27 oktober 2019 tot 1 oktober 2020 was ze de eerste vrouwelijkepremiervan België.Sinds 1 oktober 2020 was ze vicepremier en minister van Buitenlandse Zaken en Buitenlandse Handel. Om familiale redenen legde ze op 21 april 2022 haar bevoegdheden als minister tijdelijk neer. Op 15 juli 2022 legde ze haar functie definitief neer.",be
Q7747,Vladimir,Putin,1952-10-07,,Saint Petersburg,"https://ru.wikipedia.org/wiki/%D0%9F%D1%83%D1%82%D0%B8%D0%BD,_%D0%92%D0%BB%D0%B0%D0%B4%D0%B8%D0%BC%D0%B8%D1%80_%D0%92%D0%BB%D0%B0%D0%B4%D0%B8%D0%BC%D0%B8%D1%80%D0%BE%D0%B2%D0%B8%D1%87",2000-05-07,2008-05-07,"Вторая чеченская войнаВойна в ГрузииРоссийско-украинская война,",ru
Q23530,Dmitry,Medvedev,1965-09-14,,Saint Petersburg,"https://ru.wikipedia.org/wiki/%D0%9C%D0%B5%D0%B4%D0%B2%D0%B5%D0%B4%D0%B5%D0%B2,_%D0%94%D0%BC%D0%B8%D1%82%D1%80%D0%B8%D0%B9_%D0%90%D0%BD%D0%B0%D1%82%D0%BE%D0%BB%D1%8C%D0%B5%D0%B2%D0%B8%D1%87",2008-05-07,2012-05-07,иностранные:,ru
Q34453,Boris,Yeltsin,1931-02-01,2007-04-23,Butka,"https://ru.wikipedia.org/wiki/%D0%95%D0%BB%D1%8C%D1%86%D0%B8%D0%BD,_%D0%91%D0%BE%D1%80%D0%B8%D1%81_%D0%9D%D0%B8%D0%BA%D0%BE%D0%BB%D0%B0%D0%B5%D0%B2%D0%B8%D1%87",1991-07-10,1999-12-31,"Бори́с Никола́евич Е́льцин(1 февраля1931(1931-02-01),Бутка,Буткинский район,Уральская область,СССР—23 апреля2007,Москва,Россия) —советскийироссийскийпартийный, государственный и политический деятель, первый всенародно избранныйПрезидент Российской Федерации(1991—1999)[b]; в ноябре 1991 — июне 1992 года одновременно возглавлялправительство. С марта по май 1992 года исполнял обязанностиминистра обороны Российской Федерации.",ru
